learning_rate,r2_score,rmse,final_loss,final_val_loss,epochs_trained,min_val_loss,Product 1_r2,Product 1_rmse,Product 2_r2,Product 2_rmse,Product 3_r2,Product 3_rmse,Product 4_r2,Product 4_rmse,Product 5_r2,Product 5_rmse,Product 6_r2,Product 6_rmse
0.00030000000000000014,0.8670647905708891,47.42595137293934,1.4947203397750854,1.2872194051742554,10,1.2872194051742554,0.10292685630492615,40.12263466212122,0.790718394108495,57.99613915237875,0.6085357980865669,47.405547790090395,-0.6975466980621907,34.466750575100605,0.6176907878044626,54.47442477597122,-0.4838543432236695,37.690871500620325
0.0008000000000000003,0.8047822366212459,57.47191998220252,0.5670427083969116,0.4946717321872711,10,0.4946717321872711,0.30980882516960884,35.193318242108475,0.6497043467701241,75.03276102868737,0.6544568998193514,44.53836349105083,-0.23955427268327645,29.45250575793921,0.07771981631421832,84.60902884865585,-0.03172463010119486,31.42841235083264
