,Regular_Days,Holidays,Pre_Holidays
Average_Turnover,206.1701760845567,253.35752523339582,245.5964711515183
