,Regular_Days,Kieler_Woche
Average_Turnover,205.46439407404083,260.55921928030267
