,Regular_Days,Holidays,Pre_Holidays
Average_Turnover,87.45091132705205,122.54773437276737,122.54773437276737
