,First_Day,Start_of_Month,End_of_Month,Last_Day,Regular_Period
Average_Daily_Turnover,1079.5749868517003,1069.2827241497178,1138.2818482714335,1212.5944107898322,1048.8951975344264
