Wochentag,1,2,3,4,5,6
Friday,127.80686292141073,371.01461893801985,150.8613927797729,79.91213630153783,270.14657648371576,69.62372997991748
Monday,133.13766890410366,366.3498721293752,150.26517710752717,82.3445557714248,253.8969525478463,64.22945400214229
Saturday,147.86906121335807,478.9321656060086,201.51240554930956,86.26274455862627,312.0578208376084,75.70504894722531
Sunday,75.68468793251753,534.6329776838545,208.1394620032669,133.49985665634648,311.40215457703977,60.20209987607148
Thursday,135.60295788911014,363.0541015080597,143.9442113369607,76.9244372418176,266.08846090509564,68.49029086689849
Tuesday,118.45776761403157,354.6109616400125,145.19104049260562,78.29067138544545,259.7070648494203,67.05503583579852
Wednesday,116.64461058898425,348.86140731833115,143.58844462812593,76.95141417178193,264.8455269665029,62.90129154400853
